INSERT INTO fournis
VALUES
(12, 'GROBRIGAN', '20 rue du papier', 92200, 'Papercity', 'Georges', 8),
(540, 'ECLIPSE', '53 rue laisse flotter les rubans', 78250, 'Bugbugville', 'Nestor', 7),
(8700, 'MEDICIS', '120 rue des plantes', 75014, 'Paris', 'Lison', 0),
(9120, 'DISCOBOL', '11 rue des spots', 85100, 'La Roche sur Yon', 'Hercule', 8),
(9150, 'DEPANPAP', '26 avenue des locomotives', 59987, 'Coroncountry', 'Pollux', 5),
(9180, 'HURRYTAPE', '26 boulevard des octets', 4044, 'Dumpville', 'Track', 0);

INSERT INTO entcom
VALUES(70010, NULL, '2018-04-23T15:59:51', 12),
(70011, 'Commande urgente', '2018-04-23T15:59:51', 540),
(70020, NULL, '2018-04-23T15:59:51', 9120),
(70025, 'Commande urgente', '2018-04-23T15:59:51', 9150),
(70210, 'Commande urgente', '2018-04-23T15:59:51', 12),
(70250, 'Commande urgente', '2018-04-23T15:59:51', 8700),
(70300, NULL, '2018-04-23T15:59:51', 9120),
(70620, NULL, '2018-04-23T15:59:51', 540),
(70625, NULL, '2018-04-23T15:59:51', 12),
(70629, NULL, '2018-04-23T15:59:51', 9180);

/*produit + vente*/

INSERT INTO ligcom
VALUES(70010, 'I100', 3000, 470, 3000, '2007-03-15'),
(70010, 'I105', 2000, 485, 2000, '2007-07-05'),
(70010, 'I108', 1000, 680, 1000, '20-08-2007'),
(70010, 'D035', 200, 40, 250, '2007-02-20'),
(70010, 'P220', 6000, 3500, 6000, '2007-03-31'),
(70010, 'P240', 6000, 2000, 2000, '2007-03-31'),
(70011, 'I105', 1000, 600, 1000, '2007-05-16'),
(70011, 'P220', 10000, 3500, 10000, '2007-08-31'),
(70020, 'B001', 200, 140, 0, '2007-12-31'),
(70020, 'B002', 200, 140, 0, '2007-12-31'),
(70025, 'I100', 1000, 590, 1000, '2007-05-15'),
(70025, 'I105', 500, 590, 500, '2007-03-15'),
(70210, 'I100', 1000, 470, 1000, '2007-07-15'),
(70250, 'P230', 15000, 4900, 12000, '2007-12-15'),
(70250, 'P220', 10000, 3350, 10000, '2007-11-10'),
(70300, 'I100', 50, 790, 50, '2007-10-31'),
(70620, 'I105', 200, 600, 200, '2007-11-01'),
(70625, 'I100', 1000, 470, 1000, '2007-10-15'),
(70625, 'P220', 10000, 3500, 10000, '2007-10-31'),
(70629, 'B001', 200, 140, 0, '2007-12-31'),
(70629, 'B002', 200, 140, 0, '2007-12-31');


